{
  "project_info": {
    "project_number": "31866100031",
    "project_id": "login-and-signup-f1a62",
    "storage_bucket": "login-and-signup-f1a62.appspot.com"
  },
  "client": [
    {
      "client_info": {
        "mobilesdk_app_id": "1:31866100031:android:78da42b5947fcac5ac1b8a",
        "android_client_info": {
          "package_name": "com.example.loginandsignup"
        }
      },
      "oauth_client": [],
      "api_key": [
        {
          "current_key": "AIzaSyCiSJ5wWj4Ooc19NicgwnP0SknbcTVKD1E"
        }
      ],
      "services": {
        "appinvite_service": {
          "other_platform_oauth_client": []
        }
      }
    }
  ],
  "configuration_version": "1"
}